{"cameraMode":{"drawMode":0,"name":"Shaded","section":"Shading Mode"},"sceneLighting":false,"audioPlay":false,"sceneViewState":{"m_AlwaysRefresh":false,"showFog":true,"showSkybox":false,"showFlares":true,"showImageEffects":true,"showParticleSystems":true,"showVisualEffectGraphs":true,"m_FxEnabled":true},"in2DMode":false,"pivot":{"x":2.160684585571289,"y":1.5574212074279786,"z":-5.9426469802856449},"rotation":{"x":0.03911368548870087,"y":-0.8128377795219421,"z":0.054950516670942309,"w":0.5785897374153137},"size":1.2247449159622193,"orthographic":false}