{"cameraMode":{"drawMode":0,"name":"Shaded","section":"Shading Mode"},"sceneLighting":false,"audioPlay":false,"sceneViewState":{"m_AlwaysRefresh":false,"showFog":true,"showSkybox":false,"showFlares":true,"showImageEffects":true,"showParticleSystems":true,"showVisualEffectGraphs":true,"m_FxEnabled":true},"in2DMode":false,"pivot":{"x":0.8885900378227234,"y":3.4000000953674318,"z":-29.700000762939454},"rotation":{"x":0.17459899187088014,"y":-0.004430975764989853,"z":0.0007857323507778347,"w":0.9846281409263611},"size":2.49088191986084,"orthographic":false}