{"cameraMode":{"drawMode":0,"name":"Shaded","section":"Shading Mode"},"sceneLighting":true,"audioPlay":false,"sceneViewState":{"m_AlwaysRefresh":false,"showFog":true,"showSkybox":false,"showFlares":true,"showImageEffects":true,"showParticleSystems":true,"showVisualEffectGraphs":true,"m_FxEnabled":true},"in2DMode":false,"pivot":{"x":303.15106201171877,"y":464.7303771972656,"z":-2.507354736328125},"rotation":{"x":0.15681526064872743,"y":0.020738184452056886,"z":-0.003293484915047884,"w":0.9874065518379211},"size":279.7453308105469,"orthographic":false}