{"cameraMode":{"drawMode":0,"name":"Shaded","section":"Shading Mode"},"sceneLighting":false,"audioPlay":false,"sceneViewState":{"m_AlwaysRefresh":false,"showFog":true,"showSkybox":false,"showFlares":true,"showImageEffects":true,"showParticleSystems":true,"showVisualEffectGraphs":true,"m_FxEnabled":true},"in2DMode":false,"pivot":{"x":2.1606836318969728,"y":0.7999999523162842,"z":-5.9015960693359379},"rotation":{"x":0.10601518303155899,"y":-0.07270584255456925,"z":0.007776071783155203,"w":0.9916828274726868},"size":0.9055384993553162,"orthographic":false}